DataSeries,2023,2021,2019,2007,2022,2020,2017,2013,2010
Overweight (Excluding Obese) - Total,29.8,25.7,28.8,26.2,28.6,27.5,28.6,26.0,26.1
Overweight (Excluding Obese) - Males,32.4,28.6,31.2,28.1,30.8,29.9,31.0,28.7,28.9
Overweight (Excluding Obese) - Females,27.2,22.8,26.4,24.3,26.4,25.1,26.2,23.3,23.3
Obesity - Total,11.6,11.6,10.5,6.9,11.6,10.5,8.6,8.6,10.8
Obesity - Males,13.1,13.4,11.9,8.2,13.0,11.9,10.2,9.8,12.1
Obesity - Females,10.2,9.8,9.1,5.6,10.2,9.1,7.0,7.4,9.5
Overweight And Obesity - Total,41.4,37.3,39.3,33.1,40.2,38.0,37.2,34.6,36.9
Overweight And Obesity - Males,45.5,42.0,43.1,36.3,43.8,41.8,41.2,38.5,41.0
Overweight And Obesity - Females,37.4,32.6,35.5,29.9,36.6,34.2,33.2,30.7,32.8
Daily Smoking - Total,8.8,10.4,10.6,13.6,9.2,10.1,11.8,13.3,14.3
Daily Smoking - Males,15.2,17.4,18.0,23.2,15.9,17.0,21.1,23.1,24.1
Daily Smoking - Females,2.4,3.4,3.2,4.0,2.5,3.2,2.5,3.5,4.5
Hypertension - Total,37.0,na,35.5,23.5,37.0,35.5,31.9,23.5,23.5
Hypertension - Males,41.0,na,39.4,26.8,40.8,39.4,35.8,26.5,26.7
Hypertension - Females,33.0,na,31.6,20.2,33.2,31.6,28.0,20.5,20.3
Diabetes Mellitus - Total,8.5,na,9.5,8.2,8.5,9.5,8.8,8.6,11.3
Diabetes Mellitus - Males,9.8,na,10.5,8.9,9.8,10.5,9.6,9.1,12.4
Diabetes Mellitus - Females,7.2,na,8.5,7.5,7.2,8.5,8.0,8.1,10.2
Hyperlipidaemia - Total,31.9,na,39.1,26.2,31.9,39.1,38.6,26.2,26.2
Hyperlipidaemia - Males,34.8,na,42.1,29.8,34.8,42.1,42.0,30.1,30.2
Hyperlipidaemia - Females,29.0,na,36.1,22.6,29.0,36.1,35.2,22.3,22.2
Sufficient Total Physical Activity - Total,75.0,71.1,80.1,na,74.9,76.4,80.8,na,na
Sufficient Total Physical Activity - Males,77.8,74.2,82.4,na,77.5,79.0,83.1,na,na
Sufficient Total Physical Activity - Females,72.2,68.0,77.8,na,72.3,73.8,78.5,na,na
Binge Drinking - Total,9.6,9.6,10.2,na,10.5,10.5,8.8,na,na
Binge Drinking - Males,14.5,14.6,15.6,na,15.8,15.8,13.5,na,na
Binge Drinking - Females,4.7,4.6,4.8,na,5.2,5.2,4.1,na,na
